,Peptide,Sequence,AFA,API,CAU,HIS,NAM,MLT,UNK,Total
1,VMAPRTVLL,GTC ATG GCG CCC CGA ACC GTC CTC CTG,25936,24332,440422,108484,1967,76071,5859,683153
2,VTAPRTVLL,--- -C- --- --- --- --- --- --- ---,48398,76684,320995,131518,2444,86638,4122,670904
0,VTAPRTLLL,--- -C- --- --- --- --- C-- --- ---,12203,37775,342804,82483,1903,60152,4930,542311
3,VTAPRTVLL,--- -C- --A --- --- --- --- --- ---,14042,16149,150002,30704,635,28539,2251,242366
4,VTAPRTLLL,--- -C- --A --- --- --- C-- --- ---,922,9774,34373,5105,154,6980,429,57747
5,VTEPRTLLL,--- -C- -A- --- --- --- C-- --- ---,1,0,83,11,0,12,0,107
6,VMAPRTVLL,--- --- --- --- A-- --- --- --- ---,0,0,23,1,0,1,0,25
13,VMAPRTVLL,--- --- --A --- --- --- --- --- ---,0,15,2,0,1,3,0,21
7,VTAPRTVLL,--- -CC --- --- --- --- --- --- ---,9,0,1,5,0,1,0,16
10,VTAPRTLLL,--- -C- --T --- --- --- C-- --- ---,0,4,1,5,0,0,0,10
14,VTAPRTLFL,--- -C- --A --- --- --- C-- T-- ---,0,0,7,0,0,0,0,7
12,VTASRTLLL,--- -C- --- T-- --- --- C-- --- ---,1,0,0,3,0,2,0,6
15,VMAPRTLLL,--- --- --- --- --- --- C-- --- ---,0,1,4,0,0,0,0,5
8,VTASRTVLL,--- -C- --- T-- --- --- --- --- ---,0,0,3,0,0,1,0,4
27,VRAPRTLLL,--- -G- --A --- --- --- C-- --- ---,0,2,1,0,0,0,0,3
16,VTAPRTILL,--- -C- --- --- --- --- A-- --- ---,0,0,3,0,0,0,0,3
9,VTAPRNLLL,--- -C- --- --- --- -A- C-- --- ---,0,0,3,0,0,0,0,3
19,VMAPRTVLL,--- --- --- --- --- --- --- --- T--,0,0,3,0,0,0,0,3
21,VTAPRTVLL,--- -C- --A --- --- --- --- --- --A,0,2,0,0,0,1,0,3
24,VTAPQTVLL,--- -C- --- --- -A- --- --- --- ---,0,0,1,0,0,2,0,3
26,VTATRTLLL,--- -C- --- A-- --- --- C-- --- ---,0,0,2,0,0,0,0,2
33,VTALRTVLL,--- -C- --- -T- --- --- --- --- ---,0,0,0,1,0,0,0,1
32,VTAPRTLVL,--- -C- --- --- --- --- C-- G-- ---,0,0,1,0,0,0,0,1
31,ITAPRTVLL,A-- -C- --- --- --- --- --- --- ---,0,0,0,0,0,0,1,1
30,VMEPRTVLL,--- --- -A- --- --- --- --- --- ---,0,0,1,0,0,0,0,1
29,VTAP*TLLL,--- -C- --- --- T-- --- C-- --- ---,0,0,1,0,0,0,0,1
28,VTAPRTLLL,--- -C- --- --- --- --- C-- --- --A,0,0,0,1,0,0,0,1
17,VTAPRTFLL,--- -C- --- --- --- --- T-- --- ---,0,0,1,0,0,0,0,1
25,VMATRTVLL,--- --- --- A-- --- --- --- --- ---,0,0,0,1,0,0,0,1
23,VMAPGTVLL,--- --- --- --- G-- --- --- --- ---,0,1,0,0,0,0,0,1
22,VTAPRTVLQ,--- -C- --- --- --- --- --- --- -A-,0,0,1,0,0,0,0,1
20,VMAPRSVLL,--- --- --- --- --- -G- --- --- ---,0,0,0,0,0,1,0,1
18,VVAPRTVLL,--- G-- --- --- --- --- --- --- ---,0,0,1,0,0,0,0,1
11,VMVPRTVLL,--- --- -T- --- --- --- --- --- ---,0,0,1,0,0,0,0,1
34,VMAPRTVLV,--- --- --- --- --- --- --- --- G--,0,1,0,0,0,0,0,1
